CIF_ID,foracid,destAcct,tran_amt,beneficiaryName,dest_bank_code,destBank,txnDateTime
123456789,234567891,345678912,223,xy,1,GTB,12/1/2021 0:00
123456790,234567892,345678913,100000,m,2,Access Bank Plc (Diamond),12/2/2021 0:00
123456791,234567893,345678914,25000,xlfz,3,FIDELITY,12/3/2021 0:00
123456792,234567894,345678915,25000,w,4,GTB,12/4/2021 0:00
123456793,234567895,345678916,25000,rovzj,5,GTB,12/5/2021 0:00
123456794,234567896,345678917,20000,xelqfqcq,6,Stanbic,12/6/2021 0:00
123456795,234567897,345678918,20000,fdsixsrg,7,GTB,12/7/2021 0:00
123456796,234567898,345678919,75000,uyg,8,FBN,12/8/2021 0:00
123456797,234567899,345678920,13500,s,9,Access Bank Plc (Diamond),12/9/2021 0:00
123456798,234567900,345678921,30000,nppc,10,Stanbic,12/10/2021 0:00
123456799,234567901,345678922,3500,amu,11,FBN,12/11/2021 0:00
123456800,234567902,345678923,12500,ftbgd,12,Stanbic,12/12/2021 0:00
123456801,234567903,345678924,60000,y,13,Stanbic,12/13/2021 0:00
123456802,234567904,345678925,50000,sidwp,14,GTB,12/14/2021 0:00
123456803,234567905,345678926,25000,rtievi,15,ZENITH,12/15/2021 0:00
123456804,234567906,345678927,40000,puwqp,16,POLARIS,12/16/2021 0:00
123456805,234567907,345678928,10000,ob,17,ECOBANK,12/17/2021 0:00
123456806,234567908,345678929,5000,eerdq,18,ZENITH,12/18/2021 0:00
123456807,234567909,345678930,20000,ydgi,19,Stanbic,12/19/2021 0:00
123456808,234567910,345678931,12507.5,ifrkenlm,20,Stanbic,12/20/2021 0:00
123456809,234567911,345678932,300000,gff,21,STERLING,12/21/2021 0:00
123456810,234567912,345678933,10000,r,22,UBA,12/22/2021 0:00
123456811,234567913,345678934,10000,rtrprk,23,GTB,12/23/2021 0:00
123456812,234567914,345678935,18400,eptlfs,24,Stanbic,12/24/2021 0:00
123456813,234567915,345678936,15000,vhrs,25,UBN,12/25/2021 0:00
123456814,234567916,345678937,20000,ggzta,26,FCMB,12/26/2021 0:00
123456815,234567917,345678938,30000,iyarc,27,Access Bank Plc (Diamond),12/27/2021 0:00
123456816,234567918,345678939,20000,noxakw,28,FIDELITY,12/28/2021 0:00
123456817,234567919,345678940,5000,jkb,29,GTB,12/29/2021 0:00
123456818,234567920,345678941,2000,yx,30,GTB,12/30/2021 0:00
123456819,234567921,345678942,2000,hmytpg,31,FBN,12/31/2021 0:00
123456820,234567922,345678943,20000,e,32,Stanbic,1/1/2022 0:00
123456821,234567923,345678944,50000,xysxjlbw,33,FBN,1/2/2022 0:00
123456822,234567924,345678945,100000,zwqfwdm,34,FBN,1/3/2022 0:00
123456823,234567925,345678946,35000,mb,35,FIDELITY,1/4/2022 0:00
123456824,234567926,345678947,10000,ajaynp,36,Stanbic,1/5/2022 0:00
123456825,234567927,345678948,15000,j,37,Stanbic,1/6/2022 0:00
123456826,234567928,345678949,10000,n,38,GTB,1/7/2022 0:00
123456827,234567929,345678950,7000,rdwlplor,39,Stanbic,1/8/2022 0:00
123456828,234567930,345678951,57000,hamt,40,Stanbic,1/9/2022 0:00
123456829,234567931,345678952,27000,ftfwyo,41,Stanbic,1/10/2022 0:00
123456830,234567932,345678953,213137.29,n,42,GTB,1/11/2022 0:00
123456831,234567933,345678954,10000,k,43,FIDELITY,1/12/2022 0:00
123456832,234567934,345678955,5000,sxo,44,GTB,1/13/2022 0:00
123456833,234567935,345678956,20000,n,45,ECOBANK,1/14/2022 0:00
123456834,234567936,345678957,20000,laxt,46,GTB,1/15/2022 0:00
123456835,234567937,345678958,50000,wcj,47,UBA,1/16/2022 0:00
123456836,234567938,345678959,140000,bex,48,GTB,1/17/2022 0:00
123456837,234567939,345678960,27500,i,49,FIDELITY,1/18/2022 0:00
123456838,234567940,345678961,32500,ukpt,50,GTB,1/19/2022 0:00
123456839,234567941,345678962,60000,o,51,ACCESS,1/20/2022 0:00
123456840,234567942,345678963,25000,o,52,ZENITH,1/21/2022 0:00
123456841,234567943,345678964,20000,v,53,Access Bank Plc (Diamond),1/22/2022 0:00
123456842,234567944,345678965,10000,pmsrmw,54,Stanbic,1/23/2022 0:00
123456843,234567945,345678966,30000,qcgci,55,Stanbic,1/24/2022 0:00
123456844,234567946,345678967,70000,hxg,56,ECOBANK,1/25/2022 0:00
123456845,234567947,345678968,10000,rwpnnhnw,57,ZENITH,1/26/2022 0:00
123456846,234567948,345678969,10000,evruf,58,ACCESS,1/27/2022 0:00
123456847,234567949,345678970,30000,kbh,59,FBN,1/28/2022 0:00
123456848,234567950,345678971,18400,upp,60,Stanbic,1/29/2022 0:00
123456849,234567951,345678972,30000,ovnq,61,GTB,1/30/2022 0:00
123456850,234567952,345678973,50000,z,62,STERLING,1/31/2022 0:00
123456851,234567953,345678974,5000,yhq,63,GTB,2/1/2022 0:00
123456852,234567954,345678975,10000,ar,64,GTB,2/2/2022 0:00
123456853,234567955,345678976,30000,kkht,65,Stanbic,2/3/2022 0:00
123456854,234567956,345678977,40000,epxkd,66,Stanbic,2/4/2022 0:00
123456855,234567957,345678978,50000,fpkducfj,67,GTB,2/5/2022 0:00
123456856,234567958,345678979,10000,kkj,68,GTB,2/6/2022 0:00
123456857,234567959,345678980,25000,qcenk,69,FBN,2/7/2022 0:00
123456858,234567960,345678981,25000,wtq,70,UBA,2/8/2022 0:00
123456859,234567961,345678982,25000,uq,71,UBA,2/9/2022 0:00
123456860,234567962,345678983,8000,rvaa,72,WEMA,2/10/2022 0:00
123456861,234567963,345678984,50000,ded,73,UBA,2/11/2022 0:00
123456862,234567964,345678985,24999,qpuwu,74,ZENITH,2/12/2022 0:00
123456863,234567965,345678986,4615,jtxils,75,Stanbic,2/13/2022 0:00
123456864,234567966,345678987,6000,wz,76,Stanbic,2/14/2022 0:00
123456865,234567967,345678988,20000,dpkyjfyw,77,FBN,2/15/2022 0:00
123456866,234567968,345678989,25000,rrzokt,78,Stanbic,2/16/2022 0:00
123456867,234567969,345678990,18000,oaaozqd,79,Stanbic,2/17/2022 0:00
123456868,234567970,345678991,18000,ergv,80,Access Bank Plc (Diamond),2/18/2022 0:00
123456869,234567971,345678992,55000,qeazfhmg,81,Stanbic,2/19/2022 0:00
123456870,234567972,345678993,10000,ozejiya,82,Stanbic,2/20/2022 0:00
123456871,234567973,345678994,400000,i,83,Stanbic,2/21/2022 0:00
123456872,234567974,345678995,30000,unfqj,84,Stanbic,2/22/2022 0:00
123456873,234567975,345678996,150000,vn,85,Stanbic,2/23/2022 0:00
123456874,234567976,345678997,10000,fzxnhx,86,Stanbic,2/24/2022 0:00
123456875,234567977,345678998,10000,jbbvp,87,FBN,2/25/2022 0:00
123456876,234567978,345678999,10000,dzs,88,UBA,2/26/2022 0:00
123456877,234567979,345679000,10000,sdm,89,UBN,2/27/2022 0:00
123456878,234567980,345679001,50000,hvdyd,90,GTB,2/28/2022 0:00
123456879,234567981,345679002,25000,es,91,UBA,3/1/2022 0:00
123456880,234567982,345679003,50000,mjolyy,92,GTB,3/2/2022 0:00
123456881,234567983,345679004,2200,ogex,93,STERLING,3/3/2022 0:00
123456882,234567984,345679005,30000,yhkrf,94,Stanbic,3/4/2022 0:00
123456883,234567985,345679006,50000,urnznff,95,Stanbic,3/5/2022 0:00
123456884,234567986,345679007,50000,b,96,Stanbic,3/6/2022 0:00
123456885,234567987,345679008,17200,pveqcmb,97,Stanbic,3/7/2022 0:00
123456886,234567988,345679009,30000,botuqod,98,WEMA,3/8/2022 0:00
123456887,234567989,345679010,25000,iob,99,Stanbic,3/9/2022 0:00
123456888,234567990,345679011,35000,klqfxh,100,WEMA,3/10/2022 0:00
123456889,234567991,345679012,30000,om,101,FBN,3/11/2022 0:00
123456890,234567992,345679013,45000,yzm,102,Stanbic,3/12/2022 0:00
123456891,234567993,345679014,50000,mjxf,103,GTB,3/13/2022 0:00
123456892,234567994,345679015,20000,vhos,104,UBA,3/14/2022 0:00
123456893,234567995,345679016,500000,gdwhln,105,UBA,3/15/2022 0:00
123456894,234567996,345679017,20000,vddicdu,106,Stanbic,3/16/2022 0:00
123456895,234567997,345679018,60000,x,107,ZENITH,3/17/2022 0:00
123456896,234567998,345679019,50000,b,108,Stanbic,3/18/2022 0:00
123456897,234567999,345679020,200000,r,109,GTB,3/19/2022 0:00
123456898,234568000,345679021,10000,cmwnz,110,FBN,3/20/2022 0:00
123456899,234568001,345679022,80000,c,111,ACCESS,3/21/2022 0:00
123456900,234568002,345679023,7000,ifktzlqf,112,Stanbic,3/22/2022 0:00
123456901,234568003,345679024,20000,jkxnzpf,113,Stanbic,3/23/2022 0:00
123456902,234568004,345679025,3000,wtjmlu,114,Stanbic,3/24/2022 0:00
123456903,234568005,345679026,6000,bgojxcb,115,UBN,3/25/2022 0:00
123456904,234568006,345679027,25000,peb,116,Stanbic,3/26/2022 0:00
123456905,234568007,345679028,25000,xtd,117,Stanbic,3/27/2022 0:00
123456906,234568008,345679029,10000,hpexy,118,Stanbic,3/28/2022 0:00
123456907,234568009,345679030,80100,fgxkdm,119,GTB,3/29/2022 0:00
123456908,234568010,345679031,20000,urqenpdq,120,Stanbic,3/30/2022 0:00
123456909,234568011,345679032,300000,dbt,121,GTB,3/31/2022 0:00
123456910,234568012,345679033,500000,aodbkpjl,122,Stanbic,4/1/2022 0:00
123456911,234568013,345679034,10000,dtkg,123,ZENITH,4/2/2022 0:00
123456912,234568014,345679035,2000,ihhtkf,124,UBA,4/3/2022 0:00
123456913,234568015,345679036,50000,rwwr,125,Stanbic,4/4/2022 0:00
123456914,234568016,345679037,50000,vxscfmu,126,ACCESS,4/5/2022 0:00
123456915,234568017,345679038,40000,jgx,127,Stanbic,4/6/2022 0:00
123456916,234568018,345679039,40000,yebce,128,GTB,4/7/2022 0:00
123456917,234568019,345679040,45000,jmjow,129,FBN,4/8/2022 0:00
123456918,234568020,345679041,100000,e,130,Stanbic,4/9/2022 0:00
123456919,234568021,345679042,33500,venjrp,131,GTB,4/10/2022 0:00
123456920,234568022,345679043,75000,vbtmpjyq,132,FBN,4/11/2022 0:00
123456921,234568023,345679044,40000,yfha,133,GTB,4/12/2022 0:00
123456922,234568024,345679045,2000,lrun,134,FBN,4/13/2022 0:00
123456923,234568025,345679046,10000,ab,135,ZENITH,4/14/2022 0:00
123456924,234568026,345679047,3000,e,136,ECOBANK,4/15/2022 0:00
123456925,234568027,345679048,35000,ksmxzd,137,FBN,4/16/2022 0:00
123456926,234568028,345679049,23000,c,138,FIDELITY,4/17/2022 0:00
123456927,234568029,345679050,10000,urpfpf,139,UBA,4/18/2022 0:00
123456928,234568030,345679051,300000,ydnceggs,140,GTB,4/19/2022 0:00
123456929,234568031,345679052,20000,wkse,141,KEYSTONE,4/20/2022 0:00
123456930,234568032,345679053,170000,wa,142,WEMA,4/21/2022 0:00
123456931,234568033,345679054,7165,fpewwjs,143,Stanbic,4/22/2022 0:00
123456932,234568034,345679055,20000,enwmogow,144,Access Bank Plc (Diamond),4/23/2022 0:00
123456933,234568035,345679056,2000,mbifzphq,145,Stanbic,4/24/2022 0:00
123456934,234568036,345679057,50000,vvxjr,146,Stanbic,4/25/2022 0:00
123456935,234568037,345679058,50000,itxbccx,147,Stanbic,4/26/2022 0:00
123456936,234568038,345679059,40000,mxmg,148,HERITAGE,4/27/2022 0:00
123456937,234568039,345679060,59000,qlgj,149,Access Bank Plc (Diamond),4/28/2022 0:00
123456938,234568040,345679061,45000,uddyixa,150,FBN,4/29/2022 0:00
123456939,234568041,345679062,20000,lbi,151,POLARIS,4/30/2022 0:00
123456940,234568042,345679063,12000,uvm,152,ECOBANK,5/1/2022 0:00
123456941,234568043,345679064,5000,yyulpprk,153,UBA,5/2/2022 0:00
123456942,234568044,345679065,7900,rkear,154,Stanbic,5/3/2022 0:00
123456943,234568045,345679066,50000,cf,155,ACCESS,5/4/2022 0:00
123456944,234568046,345679067,115000,rfdvhcx,156,GTB,5/5/2022 0:00
123456945,234568047,345679068,15000,yaubgfg,157,GTB,5/6/2022 0:00
123456946,234568048,345679069,17200,zcqiefv,158,Stanbic,5/7/2022 0:00
123456947,234568049,345679070,10000,xocjfm,159,ACCESS,5/8/2022 0:00
123456948,234568050,345679071,10000,a,160,KEYSTONE,5/9/2022 0:00
123456949,234568051,345679072,5000,a,161,FBN,5/10/2022 0:00
123456950,234568052,345679073,25000,qepbek,162,ZENITH,5/11/2022 0:00
123456951,234568053,345679074,5000,uk,163,ECOBANK,5/12/2022 0:00
123456952,234568054,345679075,5000,psvbu,164,POLARIS,5/13/2022 0:00
123456953,234568055,345679076,15000,bojl,165,Stanbic,5/14/2022 0:00
123456954,234568056,345679077,10000,ekwre,166,UBN,5/15/2022 0:00
123456955,234568057,345679078,10000,srouoo,167,ACCESS,5/16/2022 0:00
123456956,234568058,345679079,107.5,hw,168,Stanbic,5/17/2022 0:00
123456957,234568059,345679080,20000,do,169,ECOBANK,5/18/2022 0:00
123456958,234568060,345679081,75000,eio,170,ACCESS,5/19/2022 0:00
123456959,234568061,345679082,10000,vikqp,171,GTB,5/20/2022 0:00
123456960,234568062,345679083,5000,bm,172,GTB,5/21/2022 0:00
123456961,234568063,345679084,10000,tdavy,173,GTB,5/22/2022 0:00
123456962,234568064,345679085,100000,iatxpmco,174,GTB,5/23/2022 0:00
123456963,234568065,345679086,1800,yuusapkp,175,FCMB,5/24/2022 0:00
123456964,234568066,345679087,9000,hsb,176,WEMA,5/25/2022 0:00
123456965,234568067,345679088,40000,o,177,UBA,5/26/2022 0:00
123456966,234568068,345679089,40000,gyigeq,178,WEMA,5/27/2022 0:00
123456967,234568069,345679090,18000,h,179,UNITY,5/28/2022 0:00
123456968,234568070,345679091,40000,udmicqf,180,FBN,5/29/2022 0:00
123456969,234568071,345679092,10000,dg,181,WEMA,5/30/2022 0:00
123456970,234568072,345679093,40000,zrgev,182,UBA,5/31/2022 0:00
123456971,234568073,345679094,10000,gdryqtr,183,WEMA,6/1/2022 0:00
123456972,234568074,345679095,13000,z,184,Stanbic,6/2/2022 0:00
123456973,234568075,345679096,14000,qbvomxj,185,Stanbic,6/3/2022 0:00
123456974,234568076,345679097,50000,yv,186,JAIZ,6/4/2022 0:00
123456975,234568077,345679098,24000,dywuzfuv,187,WEMA,6/5/2022 0:00
123456976,234568078,345679099,18000,naf,188,UBA,6/6/2022 0:00
123456977,234568079,345679100,9000,ozm,189,UNITY,6/7/2022 0:00
123456978,234568080,345679101,30000,crap,190,Stanbic,6/8/2022 0:00
123456979,234568081,345679102,45000,a,191,UBA,6/9/2022 0:00
123456980,234568082,345679103,4000,keygn,192,ZENITH,6/10/2022 0:00
123456981,234568083,345679104,5000,zxvgfj,193,GTB,6/11/2022 0:00
123456982,234568084,345679105,10000,cnkh,194,FIDELITY,6/12/2022 0:00
123456983,234568085,345679106,10000,ec,195,Stanbic,6/13/2022 0:00
123456984,234568086,345679107,10000,qpz,196,Stanbic,6/14/2022 0:00
123456985,234568087,345679108,250000,kjnjbkk,197,Stanbic,6/15/2022 0:00
123456986,234568088,345679109,50000,ak,198,GTB,6/16/2022 0:00
123456987,234568089,345679110,50000,lr,199,Access Bank Plc (Diamond),6/17/2022 0:00
123456988,234568090,345679111,40000,pqytnowr,200,ZENITH,6/18/2022 0:00
123456989,234568091,345679112,4000,w,201,Stanbic,6/19/2022 0:00
123456990,234568092,345679113,10000,zyxl,202,Stanbic,6/20/2022 0:00
123456991,234568093,345679114,10000,k,203,POLARIS,6/21/2022 0:00
123456992,234568094,345679115,20900,gfhiyq,204,Stanbic,6/22/2022 0:00
123456993,234568095,345679116,7500,rgs,205,Stanbic,6/23/2022 0:00
123456994,234568096,345679117,150000,kjgt,206,FIDELITY,6/24/2022 0:00
123456995,234568097,345679118,50000,kdwzsf,207,ACCESS,6/25/2022 0:00
123456996,234568098,345679119,10000,lrzrcy,208,KUDIMONEY MFB,6/26/2022 0:00
123456997,234568099,345679120,23000,tzta,209,ECOBANK,6/27/2022 0:00
123456998,234568100,345679121,60000,zqu,210,GTB,6/28/2022 0:00
123456999,234568101,345679122,10000,y,211,Stanbic,6/29/2022 0:00
123457000,234568102,345679123,500000,wntiylm,212,Stanbic,6/30/2022 0:00
123457001,234568103,345679124,50000,sfvahje,213,UBA,7/1/2022 0:00
123457002,234568104,345679125,400000,evnjh,214,Stanbic,7/2/2022 0:00
123457003,234568105,345679126,7900,z,215,Stanbic,7/3/2022 0:00
123457004,234568106,345679127,15000,wy,216,ZENITH,7/4/2022 0:00
123457005,234568107,345679128,60000,lsccojc,217,ACCESS,7/5/2022 0:00
123457006,234568108,345679129,30000,jd,218,FBN,7/6/2022 0:00
123457007,234568109,345679130,100000,mkhzloc,219,ZENITH,7/7/2022 0:00
123457008,234568110,345679131,2000,ljgy,220,WEMA,7/8/2022 0:00
123457009,234568111,345679132,25000,ptuxo,221,FBN,7/9/2022 0:00
123457010,234568112,345679133,25000,xzev,222,GTB,7/10/2022 0:00
123457011,234568113,345679134,20000,wo,223,FBN,7/11/2022 0:00
123457012,234568114,345679135,20000,yfkf,224,UBA,7/12/2022 0:00
123457013,234568115,345679136,2000,bzwutgic,225,JAIZ,7/13/2022 0:00
123457014,234568116,345679137,10000,cnule,226,Stanbic,7/14/2022 0:00
123457015,234568117,345679138,20000,skjsmpkr,227,UBA,7/15/2022 0:00
123457016,234568118,345679139,7400,lvhgsvo,228,GTB,7/16/2022 0:00
123457017,234568119,345679140,35000,hy,229,GTB,7/17/2022 0:00
123457018,234568120,345679141,15000,gwmx,230,FIDELITY,7/18/2022 0:00
123457019,234568121,345679142,35000,mdrfuya,231,FBN,7/19/2022 0:00
123457020,234568122,345679143,362222.22,ievxx,232,FIDELITY,7/20/2022 0:00
123457021,234568123,345679144,15000,zqpv,233,FCMB,7/21/2022 0:00
123457022,234568124,345679145,2000,gqlg,234,GTB,7/22/2022 0:00
123457023,234568125,345679146,15000,jxfxt,235,Stanbic,7/23/2022 0:00
123457024,234568126,345679147,34070,ovhudcy,236,UBA,7/24/2022 0:00
123457025,234568127,345679148,50000,arlbllp,237,GTB,7/25/2022 0:00
123457026,234568128,345679149,9300,vuzcsmww,238,Access Bank Plc (Diamond),7/26/2022 0:00
123457027,234568129,345679150,5000,es,239,UBA,7/27/2022 0:00
123457028,234568130,345679151,3000,v,240,FIDELITY,7/28/2022 0:00
123457029,234568131,345679152,6000,z,241,UBA,7/29/2022 0:00
123457030,234568132,345679153,10000,gf,242,Stanbic,7/30/2022 0:00
123457031,234568133,345679154,50000,klt,243,UBA,7/31/2022 0:00
123457032,234568134,345679155,20000,mfoa,244,ACCESS,8/1/2022 0:00
123457033,234568135,345679156,2460,zcvvy,245,Stanbic,8/2/2022 0:00
123457034,234568136,345679157,2000,xbx,246,Stanbic,8/3/2022 0:00
123457035,234568137,345679158,15000,ykxt,247,FBN,8/4/2022 0:00
123457036,234568138,345679159,60000,yvw,248,Stanbic,8/5/2022 0:00
123457037,234568139,345679160,30000,s,249,Stanbic,8/6/2022 0:00
123457038,234568140,345679161,10000,jfwl,250,UBA,8/7/2022 0:00
123457039,234568141,345679162,1640,bx,251,Stanbic,8/8/2022 0:00
123457040,234568142,345679163,80000,wars,252,GTB,8/9/2022 0:00
123457041,234568143,345679164,8007.5,lctgrxls,253,Stanbic,8/10/2022 0:00
123457042,234568144,345679165,3000,g,254,Stanbic,8/11/2022 0:00
123457043,234568145,345679166,30000,cxuboikd,255,FBN,8/12/2022 0:00
123457044,234568146,345679167,20000,ejxh,256,FIDELITY,8/13/2022 0:00
123457045,234568147,345679168,10000,myhnwg,257,Access Bank Plc (Diamond),8/14/2022 0:00
123457046,234568148,345679169,25000,f,258,FBN,8/15/2022 0:00
123457047,234568149,345679170,5000,jvrkfh,259,ZENITH,8/16/2022 0:00
123457048,234568150,345679171,30000,qpqvmgx,260,Access Bank Plc (Diamond),8/17/2022 0:00
123457049,234568151,345679172,5000,jdlzgtff,261,Stanbic,8/18/2022 0:00
123457050,234568152,345679173,5500,lidl,262,ACCESS,8/19/2022 0:00
123457051,234568153,345679174,3000,vop,263,UBA,8/20/2022 0:00
123457052,234568154,345679175,15000,yte,264,GTB,8/21/2022 0:00
123457053,234568155,345679176,5000,cxiuzq,265,Stanbic,8/22/2022 0:00
123457054,234568156,345679177,20000,sqkhjwaw,266,ACCESS,8/23/2022 0:00
123457055,234568157,345679178,50000,t,267,Access Bank Plc (Diamond),8/24/2022 0:00
123457056,234568158,345679179,20000,ixphp,268,FBN,8/25/2022 0:00
123457057,234568159,345679180,20000,oivjn,269,Stanbic,8/26/2022 0:00
123457058,234568160,345679181,10000,ocyepw,270,Stanbic,8/27/2022 0:00
123457059,234568161,345679182,10000,huesnonz,271,Stanbic,8/28/2022 0:00
123457060,234568162,345679183,10000,ffgkc,272,Stanbic,8/29/2022 0:00
123457061,234568163,345679184,187500,kv,273,Stanbic,8/30/2022 0:00
123457062,234568164,345679185,50000,ymfwcao,274,Stanbic,8/31/2022 0:00
123457063,234568165,345679186,20000,cdtvz,275,FCMB,9/1/2022 0:00
123457064,234568166,345679187,5000,jkdkbc,276,FBN,9/2/2022 0:00
123457065,234568167,345679188,50000,up,277,Access Bank Plc (Diamond),9/3/2022 0:00
123457066,234568168,345679189,3600,viqp,278,Stanbic,9/4/2022 0:00
123457067,234568169,345679190,14900,gi,279,Stanbic,9/5/2022 0:00
123457068,234568170,345679191,10000,jazsk,280,UBA,9/6/2022 0:00
123457069,234568171,345679192,110000,ua,281,FCMB,9/7/2022 0:00
123457070,234568172,345679193,14000,ejnncrr,282,GTB,9/8/2022 0:00
123457071,234568173,345679194,9000,fsendxqj,283,UBA,9/9/2022 0:00
123457072,234568174,345679195,10000,xsmwhof,284,Stanbic,9/10/2022 0:00
123457073,234568175,345679196,30000,gtnsl,285,Stanbic,9/11/2022 0:00
123457074,234568176,345679197,20000,lpqozkpw,286,Stanbic,9/12/2022 0:00
123457075,234568177,345679198,10000,yjpetdzp,287,Stanbic,9/13/2022 0:00
123457076,234568178,345679199,7900,txiyokd,288,Stanbic,9/14/2022 0:00
123457077,234568179,345679200,17200,qk,289,Stanbic,9/15/2022 0:00
123457078,234568180,345679201,100000,pj,290,UBN,9/16/2022 0:00
123457079,234568181,345679202,8710,mzwyzrgf,291,Stanbic,9/17/2022 0:00
123457080,234568182,345679203,7000,crzezwt,292,ACCESS,9/18/2022 0:00
123457081,234568183,345679204,20000,xqdsn,293,Stanbic,9/19/2022 0:00
123457082,234568184,345679205,15000,bo,294,Stanbic,9/20/2022 0:00
123457083,234568185,345679206,25000,xhgfhoxr,295,Stanbic,9/21/2022 0:00
123457084,234568186,345679207,40000,nscf,296,GTB,9/22/2022 0:00
123457085,234568187,345679208,25000,luj,297,GTB,9/23/2022 0:00
123457086,234568188,345679209,40000,cisnvi,298,Stanbic,9/24/2022 0:00
123457087,234568189,345679210,45000,c,299,FBN,9/25/2022 0:00
123457088,234568190,345679211,130000,hqprtctc,300,ACCESS,9/26/2022 0:00
123457089,234568191,345679212,25000,zoawalcq,301,ZENITH,9/27/2022 0:00
123457090,234568192,345679213,900,bzulxmgv,302,GTB,9/28/2022 0:00
123457091,234568193,345679214,60000,ctn,303,Stanbic,9/29/2022 0:00
123457092,234568194,345679215,35000,dzo,304,GTB,9/30/2022 0:00
123457093,234568195,345679216,8000,zkkkp,305,Stanbic,10/1/2022 0:00
123457094,234568196,345679217,120000,qakxn,306,FBN,10/2/2022 0:00
123457095,234568197,345679218,1000,lofh,307,Stanbic,10/3/2022 0:00
123457096,234568198,345679219,8000,w,308,STERLING,10/4/2022 0:00
123457097,234568199,345679220,2000,arp,309,FCMB,10/5/2022 0:00
123457098,234568200,345679221,200000,dqeznnxv,310,GTB,10/6/2022 0:00
123457099,234568201,345679222,50000,nsu,311,Stanbic,10/7/2022 0:00
123457100,234568202,345679223,10000,jegzcgdb,312,Stanbic,10/8/2022 0:00
123457101,234568203,345679224,40000,bm,313,UBA,10/9/2022 0:00
123457102,234568204,345679225,20000,esdp,314,UBN,10/10/2022 0:00
123457103,234568205,345679226,5000,hfzeclv,315,Access Bank Plc (Diamond),10/11/2022 0:00
123457104,234568206,345679227,153000,kjmjihwa,316,Access Bank Plc (Diamond),10/12/2022 0:00
123457105,234568207,345679228,10000,g,317,Access Bank Plc (Diamond),10/13/2022 0:00
123457106,234568208,345679229,50000,w,318,Access Bank Plc (Diamond),10/14/2022 0:00
123457107,234568209,345679230,40000,gfqd,319,FBN,10/15/2022 0:00
123457108,234568210,345679231,7900,ahthd,320,Stanbic,10/16/2022 0:00
123457109,234568211,345679232,30000,urjyctzq,321,Stanbic,10/17/2022 0:00
123457110,234568212,345679233,120000,vd,322,Stanbic,10/18/2022 0:00
123457111,234568213,345679234,160000,ed,323,GTB,10/19/2022 0:00
123457112,234568214,345679235,200000,uztie,324,GTB,10/20/2022 0:00
123457113,234568215,345679236,160000,akcioag,325,Stanbic,10/21/2022 0:00
123457114,234568216,345679237,160000,yu,326,Stanbic,10/22/2022 0:00
123457115,234568217,345679238,40000,kc,327,GTB,10/23/2022 0:00
123457116,234568218,345679239,50000,vkweyg,328,ZENITH,10/24/2022 0:00
123457117,234568219,345679240,8000,c,329,FBN,10/25/2022 0:00
123457118,234568220,345679241,22000,vlb,330,GTB,10/26/2022 0:00
123457119,234568221,345679242,10000,gqhgf,331,ACCESS,10/27/2022 0:00
123457120,234568222,345679243,7000,rpaopj,332,UBA,10/28/2022 0:00
123457121,234568223,345679244,5000,xn,333,FBN,10/29/2022 0:00
123457122,234568224,345679245,2500,jhkwdmdb,334,FBN,10/30/2022 0:00
123457123,234568225,345679246,70000,rs,335,FBN,10/31/2022 0:00
123457124,234568226,345679247,15000,tbdfgai,336,FBN,11/1/2022 0:00
123457125,234568227,345679248,20000,yzflk,337,FBN,11/2/2022 0:00
123457126,234568228,345679249,15000,qhqlf,338,GTB,11/3/2022 0:00
123457127,234568229,345679250,5000,dcwatjil,339,KEYSTONE,11/4/2022 0:00
123457128,234568230,345679251,30000,awvhtga,340,ACCESS,11/5/2022 0:00
123457129,234568231,345679252,5000,clr,341,GTB,11/6/2022 0:00
123457130,234568232,345679253,40000,bk,342,GTB,11/7/2022 0:00
123457131,234568233,345679254,10000,gmpleyn,343,GTB,11/8/2022 0:00
123457132,234568234,345679255,12500,zaiccte,344,ZENITH,11/9/2022 0:00
123457133,234568235,345679256,40000,ofreiui,345,UBA,11/10/2022 0:00
123457134,234568236,345679257,100000,myw,346,UBA,11/11/2022 0:00
123457135,234568237,345679258,33000,jjhze,347,STERLING,11/12/2022 0:00
123457136,234568238,345679259,100000,hnp,348,FCMB,11/13/2022 0:00
123457137,234568239,345679260,50000,kb,349,Stanbic,11/14/2022 0:00
123457138,234568240,345679261,8000,wj,350,Stanbic,11/15/2022 0:00
123457139,234568241,345679262,40000,ruwtbx,351,Stanbic,11/16/2022 0:00
123457140,234568242,345679263,60000,bg,352,GTB,11/17/2022 0:00
123457141,234568243,345679264,25000,tk,353,ACCESS,11/18/2022 0:00
123457142,234568244,345679265,180114,yexjse,354,GTB,11/19/2022 0:00
123457143,234568245,345679266,261151,vg,355,GTB,11/20/2022 0:00
123457144,234568246,345679267,8000,wozejdt,356,Stanbic,11/21/2022 0:00
123457145,234568247,345679268,100000,wspbvsd,357,Stanbic,11/22/2022 0:00
123457146,234568248,345679269,5000,tsogwl,358,SCB,11/23/2022 0:00
123457147,234568249,345679270,20000,stfzkx,359,UBA,11/24/2022 0:00
123457148,234568250,345679271,4000000,lri,360,FBN,11/25/2022 0:00
123457149,234568251,345679272,30000,qnbqe,361,Stanbic,11/26/2022 0:00
123457150,234568252,345679273,1600,wvzgfvz,362,Stanbic,11/27/2022 0:00
123457151,234568253,345679274,35000,nuhda,363,Stanbic,11/28/2022 0:00
123457152,234568254,345679275,3707.5,elmvngaz,364,Stanbic,11/29/2022 0:00
123457153,234568255,345679276,20000,utagtdw,365,ECOBANK,11/30/2022 0:00
123457154,234568256,345679277,25000,evostx,366,FIDELITY,12/1/2022 0:00
123457155,234568257,345679278,15000,cfsfyc,367,FBN,12/2/2022 0:00
123457156,234568258,345679279,15000,bgl,368,ACCESS,12/3/2022 0:00
123457157,234568259,345679280,64320,khpkxzsx,369,Stanbic,12/4/2022 0:00
123457158,234568260,345679281,1000,btu,370,FIDELITY,12/5/2022 0:00
123457159,234568261,345679282,6700,bopsigzg,371,WEMA,12/6/2022 0:00
123457160,234568262,345679283,20000,rm,372,Access Bank Plc (Diamond),12/7/2022 0:00
123457161,234568263,345679284,7900,al,373,Stanbic,12/8/2022 0:00
123457162,234568264,345679285,2000,dsamt,374,GTB,12/9/2022 0:00
123457163,234568265,345679286,18500,xgnrmyh,375,Stanbic,12/10/2022 0:00
123457164,234568266,345679287,100000,mtizlzl,376,GTB,12/11/2022 0:00
123457165,234568267,345679288,11000,isoma,377,GTB,12/12/2022 0:00
123457166,234568268,345679289,50000,pkpxsce,378,GTB,12/13/2022 0:00
123457167,234568269,345679290,11000,io,379,GTB,12/14/2022 0:00
123457168,234568270,345679291,20000,l,380,POLARIS,12/15/2022 0:00
123457169,234568271,345679292,40000,kcnxegyh,381,Access Bank Plc (Diamond),12/16/2022 0:00
123457170,234568272,345679293,5000,oby,382,FIDELITY,12/17/2022 0:00
123457171,234568273,345679294,20000,vuaxhr,383,ECOBANK,12/18/2022 0:00
123457172,234568274,345679295,2100,mglkes,384,GTB,12/19/2022 0:00
123457173,234568275,345679296,10000,l,385,Stanbic,12/20/2022 0:00
123457174,234568276,345679297,100000,dd,386,ZENITH,12/21/2022 0:00
123457175,234568277,345679298,10000,to,387,WEMA,12/22/2022 0:00
123457176,234568278,345679299,1000,jln,388,FBN,12/23/2022 0:00
123457177,234568279,345679300,20000,jefchnhy,389,Stanbic,12/24/2022 0:00
123457178,234568280,345679301,20000,h,390,Stanbic,12/25/2022 0:00
123457179,234568281,345679302,20000,lbdfish,391,FBN,12/26/2022 0:00
123457180,234568282,345679303,100000,pove,392,Stanbic,12/27/2022 0:00
123457181,234568283,345679304,5000,rxobftth,393,Stanbic,12/28/2022 0:00
123457182,234568284,345679305,50000,trktwd,394,Stanbic,12/29/2022 0:00
123457183,234568285,345679306,9999.99,lgged,395,Stanbic,12/30/2022 0:00
123457184,234568286,345679307,10000,fft,396,Stanbic,12/31/2022 0:00
123457185,234568287,345679308,4000,ii,397,Stanbic,1/1/2023 0:00
123457186,234568288,345679309,300000,xpbcjb,398,Stanbic,1/2/2023 0:00
123457187,234568289,345679310,90000,tp,399,Stanbic,1/3/2023 0:00
123457188,234568290,345679311,100000,brhovbgm,400,Stanbic,1/4/2023 0:00
123457189,234568291,345679312,10000,idxdvtoj,401,Stanbic,1/5/2023 0:00
123457190,234568292,345679313,12000,abywrb,402,Stanbic,1/6/2023 0:00
123457191,234568293,345679314,15550,nhtuymh,403,FBN,1/7/2023 0:00
123457192,234568294,345679315,500000,lhpqyrjs,404,Stanbic,1/8/2023 0:00
123457193,234568295,345679316,87000,utxueto,405,FIDELITY,1/9/2023 0:00
123457194,234568296,345679317,10000,ezrctx,406,ACCESS,1/10/2023 0:00
123457195,234568297,345679318,20000,op,407,ECOBANK,1/11/2023 0:00
123457196,234568298,345679319,12000,svizqkxg,408,Stanbic,1/12/2023 0:00
123457197,234568299,345679320,2000,srklyhnd,409,Stanbic,1/13/2023 0:00
123457198,234568300,345679321,25000,njhyxv,410,GTB,1/14/2023 0:00
123457199,234568301,345679322,4000,kowj,411,ZENITH,1/15/2023 0:00
123457200,234568302,345679323,3100,j,412,ZENITH,1/16/2023 0:00
123457201,234568303,345679324,389259,fwjy,413,GTB,1/17/2023 0:00
123457202,234568304,345679325,229560.21,leoj,414,ZENITH,1/18/2023 0:00
123457203,234568305,345679326,20900,ezyxdqvo,415,Stanbic,1/19/2023 0:00
123457204,234568306,345679327,70000,wn,416,FBN,1/20/2023 0:00
123457205,234568307,345679328,20000,hsvzn,417,Stanbic,1/21/2023 0:00
123457206,234568308,345679329,50000,rkpn,418,ACCESS,1/22/2023 0:00
123457207,234568309,345679330,15000,ujr,419,ZENITH,1/23/2023 0:00
123457208,234568310,345679331,50000,feeaz,420,ZENITH,1/24/2023 0:00
123457209,234568311,345679332,5000,wata,421,Stanbic,1/25/2023 0:00
123457210,234568312,345679333,5000,wychn,422,Stanbic,1/26/2023 0:00
123457211,234568313,345679334,30000,eefqlcx,423,FBN,1/27/2023 0:00
123457212,234568314,345679335,40000,bgvfojuv,424,Stanbic,1/28/2023 0:00
123457213,234568315,345679336,60000,gmkx,425,Stanbic,1/29/2023 0:00
123457214,234568316,345679337,25000,lubbj,426,FBN,1/30/2023 0:00
123457215,234568317,345679338,30000,dmymym,427,UBA,1/31/2023 0:00
123457216,234568318,345679339,80000,jwmw,428,UBN,2/1/2023 0:00
123457217,234568319,345679340,60000,vtdmby,429,FBN,2/2/2023 0:00
123457218,234568320,345679341,5000,ytsw,430,GTB,2/3/2023 0:00
123457219,234568321,345679342,10000,tnznk,431,ACCESS,2/4/2023 0:00
123457220,234568322,345679343,100000,gyvhprwu,432,Stanbic,2/5/2023 0:00
123457221,234568323,345679344,30000,opx,433,FBN,2/6/2023 0:00
123457222,234568324,345679345,80000,sukfhdqy,434,FBN,2/7/2023 0:00
123457223,234568325,345679346,15000,aazbeglr,435,Stanbic,2/8/2023 0:00
123457224,234568326,345679347,20000,kldni,436,Stanbic,2/9/2023 0:00
123457225,234568327,345679348,10000,xynwig,437,Stanbic,2/10/2023 0:00
123457226,234568328,345679349,15355,puxpxg,438,Stanbic,2/11/2023 0:00
123457227,234568329,345679350,7000,jafjslo,439,ACCESS,2/12/2023 0:00
123457228,234568330,345679351,1000,zxa,440,SCB,2/13/2023 0:00
123457229,234568331,345679352,5000,l,441,POLARIS,2/14/2023 0:00
123457230,234568332,345679353,30000,jeobsnkn,442,FBN,2/15/2023 0:00
123457231,234568333,345679354,30000,zs,443,FBN,2/16/2023 0:00
123457232,234568334,345679355,5000,dxttpe,444,UBA,2/17/2023 0:00
123457233,234568335,345679356,20000,vaxpjvux,445,UBA,2/18/2023 0:00
123457234,234568336,345679357,25000,zrkcu,446,FIDELITY,2/19/2023 0:00
123457235,234568337,345679358,40000,ge,447,GTB,2/20/2023 0:00
123457236,234568338,345679359,25000,g,448,UBA,2/21/2023 0:00
123457237,234568339,345679360,50000,u,449,ACCESS,2/22/2023 0:00
123457238,234568340,345679361,10000,mc,450,Stanbic,2/23/2023 0:00
123457239,234568341,345679362,23600,vagd,451,FBN,2/24/2023 0:00
123457240,234568342,345679363,59000,kozakra,452,GTB,2/25/2023 0:00
123457241,234568343,345679364,100000,hizfvc,453,ACCESS,2/26/2023 0:00
123457242,234568344,345679365,200000,jk,454,Stanbic,2/27/2023 0:00
123457243,234568345,345679366,50000,d,455,POLARIS,2/28/2023 0:00
123457244,234568346,345679367,10000,gdnp,456,GTB,3/1/2023 0:00
123457245,234568347,345679368,21000,aqfqwprm,457,GTB,3/2/2023 0:00
123457246,234568348,345679369,20000,rbm,458,GTB,3/3/2023 0:00
123457247,234568349,345679370,5000,i,459,GTB,3/4/2023 0:00
123457248,234568350,345679371,70000,eegc,460,Stanbic,3/5/2023 0:00
123457249,234568351,345679372,5000,kpbqmopo,461,ZENITH,3/6/2023 0:00
123457250,234568352,345679373,1000,ai,462,POLARIS,3/7/2023 0:00
123457251,234568353,345679374,30000,ooqa,463,UBN,3/8/2023 0:00
123457252,234568354,345679375,130000,r,464,Stanbic,3/9/2023 0:00
123457253,234568355,345679376,5000,ad,465,LBIC MORTGAGE,3/10/2023 0:00
123457254,234568356,345679377,20000,accow,466,GTB,3/11/2023 0:00
123457255,234568357,345679378,550000,eezvc,467,Stanbic,3/12/2023 0:00
123457256,234568358,345679379,40000,idbkn,468,FBN,3/13/2023 0:00
123457257,234568359,345679380,10000,wbflxi,469,KEYSTONE,3/14/2023 0:00
123457258,234568360,345679381,20000,byv,470,Access Bank Plc (Diamond),3/15/2023 0:00
123457259,234568361,345679382,20900,ac,471,Stanbic,3/16/2023 0:00
123457260,234568362,345679383,12000,n,472,FBN,3/17/2023 0:00
123457261,234568363,345679384,2000,csgrkl,473,ZENITH,3/18/2023 0:00
123457262,234568364,345679385,20000,macvwe,474,FBN,3/19/2023 0:00
123457263,234568365,345679386,8000,lic,475,Stanbic,3/20/2023 0:00
123457264,234568366,345679387,10000,hpo,476,UBA,3/21/2023 0:00
123457265,234568367,345679388,7900,gy,477,FCMB,3/22/2023 0:00
123457266,234568368,345679389,5000,rrxp,478,UBA,3/23/2023 0:00
123457267,234568369,345679390,19000,mp,479,ACCESS,3/24/2023 0:00
123457268,234568370,345679391,30000,obgqr,480,ECOBANK,3/25/2023 0:00
123457269,234568371,345679392,10000,nbv,481,ZENITH,3/26/2023 0:00
123457270,234568372,345679393,17000,m,482,Stanbic,3/27/2023 0:00
123457271,234568373,345679394,5000,xdp,483,Stanbic,3/28/2023 0:00
123457272,234568374,345679395,20000,nudc,484,Stanbic,3/29/2023 0:00
123457273,234568375,345679396,20000,nwuhdn,485,POLARIS,3/30/2023 0:00
123457274,234568376,345679397,5000,e,486,Stanbic,3/31/2023 0:00
123457275,234568377,345679398,10000,qwgppj,487,Stanbic,4/1/2023 0:00
123457276,234568378,345679399,211000,rx,488,WEMA,4/2/2023 0:00
123457277,234568379,345679400,5000,ioxcerd,489,GTB,4/3/2023 0:00
123457278,234568380,345679401,5000,qdgpjmi,490,Stanbic,4/4/2023 0:00
123457279,234568381,345679402,150000,uzwnbxvo,491,LIVINGTRUST MORTGAGE BANK,4/5/2023 0:00
123457280,234568382,345679403,50000,bhl,492,GTB,4/6/2023 0:00
123457281,234568383,345679404,12500,x,493,Stanbic,4/7/2023 0:00
123457282,234568384,345679405,10000,me,494,ACCESS,4/8/2023 0:00
123457283,234568385,345679406,5000,zq,495,GTB,4/9/2023 0:00
123457284,234568386,345679407,4200,xnygygi,496,GTB,4/10/2023 0:00
123457285,234568387,345679408,20000,bueuzrq,497,GTB,4/11/2023 0:00
123457286,234568388,345679409,17050,gh,498,Stanbic,4/12/2023 0:00
123457287,234568389,345679410,20000,xtjn,499,Stanbic,4/13/2023 0:00
123457288,234568390,345679411,2000,yviccg,500,UBA,4/14/2023 0:00
123457289,234568391,345679412,22000,lxppx,501,FBN,4/15/2023 0:00
123457290,234568392,345679413,10000,icxbhxjp,502,Stanbic,4/16/2023 0:00
123457291,234568393,345679414,10507.5,ldsyipx,503,Stanbic,4/17/2023 0:00
123457292,234568394,345679415,123000,vq,504,ECOBANK,4/18/2023 0:00
123457293,234568395,345679416,50000,whp,505,GTB,4/19/2023 0:00
123457294,234568396,345679417,5000,xxt,506,FBN,4/20/2023 0:00
123457295,234568397,345679418,30000,u,507,GTB,4/21/2023 0:00
123457296,234568398,345679419,30000,uiikhsjc,508,FCMB,4/22/2023 0:00
123457297,234568399,345679420,10400,ueaj,509,Stanbic,4/23/2023 0:00
123457298,234568400,345679421,25000,p,510,UBA,4/24/2023 0:00
123457299,234568401,345679422,21670,wwmbwvyw,511,Stanbic,4/25/2023 0:00
123457300,234568402,345679423,17000,yhjl,512,WEMA,4/26/2023 0:00
123457301,234568403,345679424,7000,ezvp,513,GTB,4/27/2023 0:00
123457302,234568404,345679425,9000,bh,514,UBA,4/28/2023 0:00
123457303,234568405,345679426,10000,yyfm,515,Stanbic,4/29/2023 0:00
123457304,234568406,345679427,3000,hz,516,FBN,4/30/2023 0:00
123457305,234568407,345679428,56956.67,rrxdk,517,ZENITH,5/1/2023 0:00
123457306,234568408,345679429,50000,ckcjjbq,518,ZENITH,5/2/2023 0:00
123457307,234568409,345679430,20000,vh,519,GTB,5/3/2023 0:00
123457308,234568410,345679431,835000,yiephtli,520,ACCESS,5/4/2023 0:00
123457309,234568411,345679432,30000,pgdpnds,521,ACCESS,5/5/2023 0:00
123457310,234568412,345679433,50000,mq,522,STERLING,5/6/2023 0:00
123457311,234568413,345679434,25000,cmkgdczi,523,POLARIS,5/7/2023 0:00
123457312,234568414,345679435,25000,jerq,524,FIDELITY,5/8/2023 0:00
123457313,234568415,345679436,30000,zgdj,525,HERITAGE,5/9/2023 0:00
123457314,234568416,345679437,60000,f,526,Stanbic,5/10/2023 0:00
123457315,234568417,345679438,7500,ay,527,FBN,5/11/2023 0:00
123457316,234568418,345679439,10000,xfrotw,528,FBN,5/12/2023 0:00
123457317,234568419,345679440,15000,vyylyf,529,GTB,5/13/2023 0:00
123457318,234568420,345679441,10000,bw,530,FCMB,5/14/2023 0:00
123457319,234568421,345679442,20000,tuwv,531,UBA,5/15/2023 0:00
123457320,234568422,345679443,489000,jp,532,Stanbic,5/16/2023 0:00
123457321,234568423,345679444,4000,pgwzz,533,ECOBANK,5/17/2023 0:00
123457322,234568424,345679445,20000,mxgqmcgg,534,FBN,5/18/2023 0:00
123457323,234568425,345679446,10000,igglco,535,UBA,5/19/2023 0:00
123457324,234568426,345679447,10000,suetmfv,536,UBA,5/20/2023 0:00
123457325,234568427,345679448,5000,qceu,537,FBN,5/21/2023 0:00
123457326,234568428,345679449,20000,niscg,538,UBN,5/22/2023 0:00
123457327,234568429,345679450,7000,sugcak,539,Stanbic,5/23/2023 0:00
123457328,234568430,345679451,8000,u,540,GTB,5/24/2023 0:00
123457329,234568431,345679452,10000,baacwqcj,541,FCMB,5/25/2023 0:00
123457330,234568432,345679453,10000,bhklgt,542,FIDELITY,5/26/2023 0:00
123457331,234568433,345679454,20000,bw,543,ACCESS,5/27/2023 0:00
123457332,234568434,345679455,10000,vaukikbg,544,UBA,5/28/2023 0:00
123457333,234568435,345679456,15000,dont,545,ACCESS,5/29/2023 0:00
123457334,234568436,345679457,20000,ax,546,Stanbic,5/30/2023 0:00
123457335,234568437,345679458,4500,yfjiyr,547,STERLING,5/31/2023 0:00
123457336,234568438,345679459,5000,p,548,Access Bank Plc (Diamond),6/1/2023 0:00
123457337,234568439,345679460,3000,sgupxm,549,UBA,6/2/2023 0:00
123457338,234568440,345679461,5000,ppj,550,GTB,6/3/2023 0:00
123457339,234568441,345679462,20000,htqd,551,FBN,6/4/2023 0:00
123457340,234568442,345679463,10000,hqng,552,FBN,6/5/2023 0:00
123457341,234568443,345679464,2460,ts,553,Stanbic,6/6/2023 0:00
123457342,234568444,345679465,450000,gz,554,ZENITH,6/7/2023 0:00
123457343,234568445,345679466,10000,ivgzzrbq,555,ACCESS,6/8/2023 0:00
123457344,234568446,345679467,2600,dacxmmz,556,Access Bank Plc (Diamond),6/9/2023 0:00
123457345,234568447,345679468,500,spxbrgbf,557,ZENITH,6/10/2023 0:00
123457346,234568448,345679469,200000,mh,558,GTB,6/11/2023 0:00
123457347,234568449,345679470,20000,ea,559,Stanbic,6/12/2023 0:00
123457348,234568450,345679471,20000,xsrfgshp,560,Stanbic,6/13/2023 0:00
123457349,234568451,345679472,4000,ynbfzbjp,561,Stanbic,6/14/2023 0:00
123457350,234568452,345679473,15000,f,562,Stanbic,6/15/2023 0:00
123457351,234568453,345679474,39800,eh,563,FCMB,6/16/2023 0:00
123457352,234568454,345679475,37500,n,564,GTB,6/17/2023 0:00
123457353,234568455,345679476,54900,sjvda,565,FBN,6/18/2023 0:00
123457354,234568456,345679477,37500,ryc,566,Access Bank Plc (Diamond),6/19/2023 0:00
123457355,234568457,345679478,37500,ogqjezl,567,GTB,6/20/2023 0:00
123457356,234568458,345679479,37500,zqb,568,Access Bank Plc (Diamond),6/21/2023 0:00
123457357,234568459,345679480,17200,itrufn,569,FBN,6/22/2023 0:00
123457358,234568460,345679481,37500,x,570,FIDELITY,6/23/2023 0:00
123457359,234568461,345679482,67500,vuoarijz,571,ACCESS,6/24/2023 0:00
123457360,234568462,345679483,37500,pbgq,572,FCMB,6/25/2023 0:00
123457361,234568463,345679484,37500,f,573,STERLING,6/26/2023 0:00
123457362,234568464,345679485,54900,dppuyq,574,GTB,6/27/2023 0:00
123457363,234568465,345679486,37500,cl,575,GTB,6/28/2023 0:00
123457364,234568466,345679487,37500,c,576,UBA,6/29/2023 0:00
123457365,234568467,345679488,37500,qp,577,Stanbic,6/30/2023 0:00
123457366,234568468,345679489,25000,hymxxp,578,FBN,7/1/2023 0:00
123457367,234568469,345679490,500000,aci,579,GTB,7/2/2023 0:00
123457368,234568470,345679491,1000,xh,580,Access Bank Plc (Diamond),7/3/2023 0:00
123457369,234568471,345679492,3100,yrlnxb,581,Stanbic,7/4/2023 0:00
123457370,234568472,345679493,8007.5,jycvf,582,Stanbic,7/5/2023 0:00
123457371,234568473,345679494,20000,th,583,UBA,7/6/2023 0:00
123457372,234568474,345679495,30000,wialplh,584,Stanbic,7/7/2023 0:00
123457373,234568475,345679496,20000,tpgx,585,Stanbic,7/8/2023 0:00
123457374,234568476,345679497,10000,llexex,586,FBN,7/9/2023 0:00
123457375,234568477,345679498,150000,nv,587,ZENITH,7/10/2023 0:00
123457376,234568478,345679499,10000,jo,588,Stanbic,7/11/2023 0:00
123457377,234568479,345679500,20000,syvgaqx,589,ZENITH,7/12/2023 0:00
123457378,234568480,345679501,50000,x,590,GTB,7/13/2023 0:00
123457379,234568481,345679502,20000,o,591,GTB,7/14/2023 0:00
123457380,234568482,345679503,10800,fs,592,GTB,7/15/2023 0:00
123457381,234568483,345679504,5000,nqictem,593,GTB,7/16/2023 0:00
123457382,234568484,345679505,20000,c,594,FBN,7/17/2023 0:00
123457383,234568485,345679506,20000,suwk,595,UBN,7/18/2023 0:00
123457384,234568486,345679507,20000,cbrzgodh,596,UBA,7/19/2023 0:00
123457385,234568487,345679508,25000,ccy,597,GTB,7/20/2023 0:00
123457386,234568488,345679509,25000,vjfrtqq,598,POLARIS,7/21/2023 0:00
123457387,234568489,345679510,50000,pmjjdg,599,Stanbic,7/22/2023 0:00
123457388,234568490,345679511,3707.5,q,600,Stanbic,7/23/2023 0:00
123457389,234568491,345679512,9000,hpbzbdbr,601,ZENITH,7/24/2023 0:00
123457390,234568492,345679513,244000,zk,602,Stanbic,7/25/2023 0:00
123457391,234568493,345679514,10000,ugiayi,603,FBN,7/26/2023 0:00
123457392,234568494,345679515,30000,qell,604,FCMB,7/27/2023 0:00
123457393,234568495,345679516,26000,il,605,UBA,7/28/2023 0:00
123457394,234568496,345679517,20000,yxvqi,606,FBN,7/29/2023 0:00
123457395,234568497,345679518,25000,rjztvie,607,UBA,7/30/2023 0:00
123457396,234568498,345679519,40000,xpd,608,UBA,7/31/2023 0:00
123457397,234568499,345679520,22000,y,609,UBA,8/1/2023 0:00
123457398,234568500,345679521,20000,clclorlc,610,UBA,8/2/2023 0:00
123457399,234568501,345679522,42000,hceq,611,UBN,8/3/2023 0:00
123457400,234568502,345679523,23500,fjn,612,UBA,8/4/2023 0:00
123457401,234568503,345679524,15000,yg,613,UBA,8/5/2023 0:00
123457402,234568504,345679525,25000,q,614,UBA,8/6/2023 0:00
123457403,234568505,345679526,25000,mzqel,615,UBN,8/7/2023 0:00
123457404,234568506,345679527,7000,k,616,ACCESS,8/8/2023 0:00
123457405,234568507,345679528,55000,z,617,ZENITH,8/9/2023 0:00
123457406,234568508,345679529,22000,rbl,618,UBN,8/10/2023 0:00
123457407,234568509,345679530,30000,lbjhndsm,619,UBN,8/11/2023 0:00
123457408,234568510,345679531,25000,xtjg,620,POLARIS,8/12/2023 0:00
123457409,234568511,345679532,17000,hkfwhzce,621,UBA,8/13/2023 0:00
123457410,234568512,345679533,49000,zyazgui,622,UBA,8/14/2023 0:00
123457411,234568513,345679534,75000,iko,623,UBN,8/15/2023 0:00
123457412,234568514,345679535,18500,ywrtdi,624,GTB,8/16/2023 0:00
123457413,234568515,345679536,471326.2,hqsdpqh,625,Stanbic,8/17/2023 0:00
123457414,234568516,345679537,10000,tcwqw,626,FCMB,8/18/2023 0:00
123457415,234568517,345679538,10000,cydgcnhp,627,GTB,8/19/2023 0:00
123457416,234568518,345679539,10000,iexsj,628,Stanbic,8/20/2023 0:00
123457417,234568519,345679540,18500,vprdsm,629,Stanbic,8/21/2023 0:00
123457418,234568520,345679541,10000,ww,630,Stanbic,8/22/2023 0:00
123457419,234568521,345679542,20000,m,631,GTB,8/23/2023 0:00
123457420,234568522,345679543,250000,fca,632,Stanbic,8/24/2023 0:00
123457421,234568523,345679544,5000,jsqmz,633,GTB,8/25/2023 0:00
123457422,234568524,345679545,20000,nuixrsy,634,STERLING,8/26/2023 0:00
123457423,234568525,345679546,1500,johgbmy,635,UBN,8/27/2023 0:00
123457424,234568526,345679547,20000,gyoog,636,FBN,8/28/2023 0:00
123457425,234568527,345679548,15000,glfnlr,637,Stanbic,8/29/2023 0:00
123457426,234568528,345679549,15000,nruuvrrr,638,GTB,8/30/2023 0:00
123457427,234568529,345679550,10000,zxiotcb,639,GTB,8/31/2023 0:00
123457428,234568530,345679551,15000,hwbzef,640,UBA,9/1/2023 0:00
123457429,234568531,345679552,12500,guyeiz,641,ZENITH,9/2/2023 0:00
123457430,234568532,345679553,20000,pu,642,WEMA,9/3/2023 0:00
123457431,234568533,345679554,10050,n,643,Access Bank Plc (Diamond),9/4/2023 0:00
123457432,234568534,345679555,60000,vy,644,Stanbic,9/5/2023 0:00
123457433,234568535,345679556,20000,jq,645,FBN,9/6/2023 0:00
123457434,234568536,345679557,10000,okmpzs,646,GTB,9/7/2023 0:00
123457435,234568537,345679558,17000,bveut,647,POLARIS,9/8/2023 0:00
123457436,234568538,345679559,15000,xa,648,FBN,9/9/2023 0:00
123457437,234568539,345679560,10000,r,649,ZENITH,9/10/2023 0:00
123457438,234568540,345679561,20000,uaiez,650,FIDELITY,9/11/2023 0:00
123457439,234568541,345679562,20000,rnoihtgk,651,GTB,9/12/2023 0:00
123457440,234568542,345679563,100000,iczjxw,652,UBN,9/13/2023 0:00
123457441,234568543,345679564,20900,dx,653,Stanbic,9/14/2023 0:00
123457442,234568544,345679565,150000,uhmtpzq,654,WEMA,9/15/2023 0:00
123457443,234568545,345679566,50000,xf,655,FBN,9/16/2023 0:00
123457444,234568546,345679567,10000,x,656,ZENITH,9/17/2023 0:00
123457445,234568547,345679568,21000,wthdju,657,Stanbic,9/18/2023 0:00
123457446,234568548,345679569,1000000,faem,658,Stanbic,9/19/2023 0:00
123457447,234568549,345679570,7900,u,659,Stanbic,9/20/2023 0:00
123457448,234568550,345679571,4000,uraccdxx,660,Stanbic,9/21/2023 0:00
123457449,234568551,345679572,10000,pdmftl,661,Stanbic,9/22/2023 0:00
123457450,234568552,345679573,8000,dr,662,Stanbic,9/23/2023 0:00
123457451,234568553,345679574,50000,dfhzbzhy,663,GTB,9/24/2023 0:00
123457452,234568554,345679575,10000,kwkfdgc,664,Stanbic,9/25/2023 0:00
123457453,234568555,345679576,106352.73,vwliizj,665,GTB,9/26/2023 0:00
123457454,234568556,345679577,17200,z,666,Stanbic,9/27/2023 0:00
123457455,234568557,345679578,20900,cgsdohhr,667,Stanbic,9/28/2023 0:00
123457456,234568558,345679579,10000,b,668,ECOBANK,9/29/2023 0:00
123457457,234568559,345679580,5000,oksfor,669,ECOBANK,9/30/2023 0:00
123457458,234568560,345679581,20000,fbwm,670,GTB,10/1/2023 0:00
123457459,234568561,345679582,20000,mxz,671,ZENITH,10/2/2023 0:00
123457460,234568562,345679583,30000,we,672,GTB,10/3/2023 0:00
123457461,234568563,345679584,100000,epxgq,673,Stanbic,10/4/2023 0:00
123457462,234568564,345679585,150000,azfxzdqv,674,SCB,10/5/2023 0:00
123457463,234568565,345679586,50000,tqa,675,UBA,10/6/2023 0:00
123457464,234568566,345679587,2000,nwhrwssv,676,GTB,10/7/2023 0:00
123457465,234568567,345679588,10000,j,677,UBA,10/8/2023 0:00
123457466,234568568,345679589,17200,hfdnogdd,678,Stanbic,10/9/2023 0:00
123457467,234568569,345679590,9600,k,679,FBN,10/10/2023 0:00
123457468,234568570,345679591,30000,r,680,FBN,10/11/2023 0:00
123457469,234568571,345679592,150000,as,681,ZENITH,10/12/2023 0:00
123457470,234568572,345679593,100000,ye,682,UBA,10/13/2023 0:00
123457471,234568573,345679594,200000,zr,683,Stanbic,10/14/2023 0:00
123457472,234568574,345679595,10000,x,684,FBN,10/15/2023 0:00
123457473,234568575,345679596,40000,qyxnpdf,685,Stanbic,10/16/2023 0:00
123457474,234568576,345679597,300000,nziz,686,UBA,10/17/2023 0:00
123457475,234568577,345679598,3500,h,687,UBA,10/18/2023 0:00
123457476,234568578,345679599,1800,ggmblt,688,GTB,10/19/2023 0:00
123457477,234568579,345679600,10000,u,689,FIDELITY,10/20/2023 0:00
123457478,234568580,345679601,20000,hz,690,UBA,10/21/2023 0:00
123457479,234568581,345679602,20000,zuijosy,691,FCMB,10/22/2023 0:00
123457480,234568582,345679603,170000,m,692,LBIC MORTGAGE,10/23/2023 0:00
123457481,234568583,345679604,10000,tojsjb,693,FCMB,10/24/2023 0:00
123457482,234568584,345679605,250000,d,694,Stanbic,10/25/2023 0:00
123457483,234568585,345679606,200000,nrgukyo,695,Stanbic,10/26/2023 0:00
123457484,234568586,345679607,14800,qfjq,696,UBA,10/27/2023 0:00
123457485,234568587,345679608,20000,bcnvcqf,697,GTB,10/28/2023 0:00
123457486,234568588,345679609,5500,uvf,698,GTB,10/29/2023 0:00
123457487,234568589,345679610,3100,qhxhnjms,699,WEMA,10/30/2023 0:00
123457488,234568590,345679611,10000,rx,700,GTB,10/31/2023 0:00
123457489,234568591,345679612,5000,ypqrcyvt,701,Stanbic,11/1/2023 0:00
123457490,234568592,345679613,3000,myxrqrvz,702,FBN,11/2/2023 0:00
123457491,234568593,345679614,30000,ae,703,Stanbic,11/3/2023 0:00
123457492,234568594,345679615,50000,pae,704,Stanbic,11/4/2023 0:00
123457493,234568595,345679616,8000,gs,705,UBA,11/5/2023 0:00
123457494,234568596,345679617,20900,uxxj,706,Stanbic,11/6/2023 0:00
123457495,234568597,345679618,20000,aale,707,Stanbic,11/7/2023 0:00
123457496,234568598,345679619,10000,jfuvswrm,708,ECOBANK,11/8/2023 0:00
123457497,234568599,345679620,8000,rcp,709,ACCESS,11/9/2023 0:00
123457498,234568600,345679621,48000,wcwr,710,UBA,11/10/2023 0:00
123457499,234568601,345679622,240000,p,711,ACCESS,11/11/2023 0:00
123457500,234568602,345679623,125000,aophbdx,712,GTB,11/12/2023 0:00
123457501,234568603,345679624,9000,ss,713,FBN,11/13/2023 0:00
123457502,234568604,345679625,15000,pmp,714,Stanbic,11/14/2023 0:00
123457503,234568605,345679626,7900,zplht,715,Stanbic,11/15/2023 0:00
123457504,234568606,345679627,9000,jkhudnb,716,FBN,11/16/2023 0:00
123457505,234568607,345679628,7000,oyvwxsy,717,UBN,11/17/2023 0:00
123457506,234568608,345679629,10000,egidpd,718,ACCESS,11/18/2023 0:00
123457507,234568609,345679630,10000,jicpti,719,FBN,11/19/2023 0:00
123457508,234568610,345679631,5000,n,720,GTB,11/20/2023 0:00
123457509,234568611,345679632,10000,wgey,721,FBN,11/21/2023 0:00
123457510,234568612,345679633,32000,ad,722,Stanbic,11/22/2023 0:00
123457511,234568613,345679634,32000,xuixm,723,Stanbic,11/23/2023 0:00
123457512,234568614,345679635,20000,ephg,724,Stanbic,11/24/2023 0:00
123457513,234568615,345679636,15000,w,725,Access Bank Plc (Diamond),11/25/2023 0:00
123457514,234568616,345679637,20000,fjpmfs,726,FBN,11/26/2023 0:00
123457515,234568617,345679638,90000,sa,727,GTB,11/27/2023 0:00
123457516,234568618,345679639,10000,oipzg,728,FCMB,11/28/2023 0:00
123457517,234568619,345679640,10000,xjo,729,FCMB,11/29/2023 0:00
123457518,234568620,345679641,10000,ffxl,730,FCMB,11/30/2023 0:00
123457519,234568621,345679642,2000,dcq,731,GTB,12/1/2023 0:00
123457520,234568622,345679643,20000,jtv,732,GTB,12/2/2023 0:00
123457521,234568623,345679644,80000,qzx,733,Stanbic,12/3/2023 0:00
123457522,234568624,345679645,60000,hud,734,Stanbic,12/4/2023 0:00
123457523,234568625,345679646,10000,wopgnm,735,ECOBANK,12/5/2023 0:00
123457524,234568626,345679647,60000,szcaus,736,UBA,12/6/2023 0:00
123457525,234568627,345679648,25000,qbrjwwg,737,Stanbic,12/7/2023 0:00
123457526,234568628,345679649,18500,lrx,738,GTB,12/8/2023 0:00
123457527,234568629,345679650,100000,mgmnvcc,739,ZENITH,12/9/2023 0:00
123457528,234568630,345679651,30000,ykhge,740,Stanbic,12/10/2023 0:00
123457529,234568631,345679652,50000,fecizpc,741,Stanbic,12/11/2023 0:00
123457530,234568632,345679653,25000,i,742,Stanbic,12/12/2023 0:00
123457531,234568633,345679654,25000,qmau,743,Stanbic,12/13/2023 0:00
123457532,234568634,345679655,25000,aq,744,Stanbic,12/14/2023 0:00
123457533,234568635,345679656,10000,yhk,745,Stanbic,12/15/2023 0:00
123457534,234568636,345679657,20000,wcwhpxj,746,ZENITH,12/16/2023 0:00
123457535,234568637,345679658,2000,fmveylo,747,FBN,12/17/2023 0:00
123457536,234568638,345679659,2500,v,748,GTB,12/18/2023 0:00
123457537,234568639,345679660,10000,juwuzzq,749,WEMA,12/19/2023 0:00
123457538,234568640,345679661,2500,avx,750,UBA,12/20/2023 0:00
123457539,234568641,345679662,21007.5,qbn,751,Stanbic,12/21/2023 0:00
123457540,234568642,345679663,40000,cnw,752,POLARIS,12/22/2023 0:00
123457541,234568643,345679664,25000,gerha,753,UBA,12/23/2023 0:00
123457542,234568644,345679665,25000,arft,754,ZENITH,12/24/2023 0:00
123457543,234568645,345679666,25000,wbva,755,GTB,12/25/2023 0:00
123457544,234568646,345679667,30000,sbkgjv,756,POLARIS,12/26/2023 0:00
123457545,234568647,345679668,30000,ll,757,ACCESS,12/27/2023 0:00
123457546,234568648,345679669,10000,ldulj,758,UBA,12/28/2023 0:00
123457547,234568649,345679670,12500,ulhypte,759,ZENITH,12/29/2023 0:00
123457548,234568650,345679671,50000,kyqm,760,Stanbic,12/30/2023 0:00
123457549,234568651,345679672,65000,fddzrq,761,Stanbic,12/31/2023 0:00
123457550,234568652,345679673,25000,wiqzpwbp,762,UBN,1/1/2024 0:00
123457551,234568653,345679674,130000,drpvyaw,763,Stanbic,1/2/2024 0:00
123457552,234568654,345679675,15000,cn,764,Stanbic,1/3/2024 0:00
123457553,234568655,345679676,75000,gkqd,765,ZENITH,1/4/2024 0:00
123457554,234568656,345679677,100000,fradsgtq,766,UBA,1/5/2024 0:00
123457555,234568657,345679678,10000,qo,767,FBN,1/6/2024 0:00
123457556,234568658,345679679,40000,x,768,Stanbic,1/7/2024 0:00
123457557,234568659,345679680,20000,uemzoyxj,769,ZENITH,1/8/2024 0:00
123457558,234568660,345679681,50000,vmvwby,770,ACCESS,1/9/2024 0:00
123457559,234568661,345679682,5000,z,771,ZENITH,1/10/2024 0:00
123457560,234568662,345679683,294000,jqxstco,772,Stanbic,1/11/2024 0:00
123457561,234568663,345679684,25000,fktzc,773,GTB,1/12/2024 0:00
123457562,234568664,345679685,2000,thenaboc,774,FBN,1/13/2024 0:00
123457563,234568665,345679686,3700,nmlgp,775,ZENITH,1/14/2024 0:00
123457564,234568666,345679687,7500,fowwkaoo,776,Access Bank Plc (Diamond),1/15/2024 0:00
123457565,234568667,345679688,20000,noqbc,777,Stanbic,1/16/2024 0:00
123457566,234568668,345679689,40000,ivb,778,ACCESS,1/17/2024 0:00
123457567,234568669,345679690,20000,igyzyhvh,779,Stanbic,1/18/2024 0:00
123457568,234568670,345679691,10000,v,780,Stanbic,1/19/2024 0:00
123457569,234568671,345679692,20000,ou,781,STERLING,1/20/2024 0:00
123457570,234568672,345679693,23500,ypl,782,GTB,1/21/2024 0:00
123457571,234568673,345679694,7900,wgwik,783,Stanbic,1/22/2024 0:00
123457572,234568674,345679695,3800,xla,784,ACCESS,1/23/2024 0:00
123457573,234568675,345679696,20000,gdima,785,Stanbic,1/24/2024 0:00
123457574,234568676,345679697,50000,uxbgins,786,Stanbic,1/25/2024 0:00
123457575,234568677,345679698,15000,iqu,787,ECOBANK,1/26/2024 0:00
123457576,234568678,345679699,50000,tefx,788,Stanbic,1/27/2024 0:00
123457577,234568679,345679700,200000,unmpmd,789,Stanbic,1/28/2024 0:00
123457578,234568680,345679701,30000,zf,790,GTB,1/29/2024 0:00
123457579,234568681,345679702,42000,wlfr,791,Stanbic,1/30/2024 0:00
123457580,234568682,345679703,30000,ycahlyyd,792,UBA,1/31/2024 0:00
123457581,234568683,345679704,25000,hoy,793,ZENITH,2/1/2024 0:00
123457582,234568684,345679705,9000,alobv,794,ZENITH,2/2/2024 0:00
123457583,234568685,345679706,10000,um,795,WEMA,2/3/2024 0:00
123457584,234568686,345679707,100000,xy,796,Stanbic,2/4/2024 0:00
123457585,234568687,345679708,20000,r,797,Stanbic,2/5/2024 0:00
123457586,234568688,345679709,100000,gud,798,Stanbic,2/6/2024 0:00
123457587,234568689,345679710,45000,eelz,799,ACCESS,2/7/2024 0:00
123457588,234568690,345679711,5000,hv,800,ZENITH,2/8/2024 0:00
123457589,234568691,345679712,23000,scjojqcf,801,GTB,2/9/2024 0:00
123457590,234568692,345679713,300000,r,802,Stanbic,2/10/2024 0:00
123457591,234568693,345679714,10000,az,803,UBN,2/11/2024 0:00
123457592,234568694,345679715,30000,jkiwqpwj,804,FBN,2/12/2024 0:00
123457593,234568695,345679716,45000,igs,805,UBN,2/13/2024 0:00
123457594,234568696,345679717,5000,mns,806,ECOBANK,2/14/2024 0:00
123457595,234568697,345679718,20000,yoer,807,GTB,2/15/2024 0:00
123457596,234568698,345679719,50000,jnyv,808,UBA,2/16/2024 0:00
123457597,234568699,345679720,33742,fi,809,UBA,2/17/2024 0:00
123457598,234568700,345679721,100000,syglzr,810,ACCESS,2/18/2024 0:00
123457599,234568701,345679722,1500,rumc,811,Stanbic,2/19/2024 0:00
123457600,234568702,345679723,10000,qcrpqdd,812,ACCESS,2/20/2024 0:00
123457601,234568703,345679724,1000,kwvlgby,813,FBN,2/21/2024 0:00
123457602,234568704,345679725,10000,v,814,Access Bank Plc (Diamond),2/22/2024 0:00
123457603,234568705,345679726,3000,qdvoz,815,ECOBANK,2/23/2024 0:00
123457604,234568706,345679727,10500,mjkihsvr,816,Access Bank Plc (Diamond),2/24/2024 0:00
123457605,234568707,345679728,10000,vuyd,817,Stanbic,2/25/2024 0:00
123457606,234568708,345679729,15007.5,ccjltgp,818,Stanbic,2/26/2024 0:00
123457607,234568709,345679730,30000,enrjmwhv,819,FBN,2/27/2024 0:00
123457608,234568710,345679731,10300,mpxg,820,FBN,2/28/2024 0:00
123457609,234568711,345679732,10000,ynny,821,GTB,2/29/2024 0:00
123457610,234568712,345679733,10000,xm,822,UNITY,3/1/2024 0:00
123457611,234568713,345679734,4615,hpv,823,GTB,3/2/2024 0:00
123457612,234568714,345679735,5000,hwfxnf,824,GTB,3/3/2024 0:00
123457613,234568715,345679736,2000,h,825,POLARIS,3/4/2024 0:00
123457614,234568716,345679737,10000,shlhpxy,826,GTB,3/5/2024 0:00
123457615,234568717,345679738,22000,ceubzb,827,FBN,3/6/2024 0:00
123457616,234568718,345679739,90000,buzkw,828,UBA,3/7/2024 0:00
123457617,234568719,345679740,205498.33,kwysm,829,ACCESS,3/8/2024 0:00
123457618,234568720,345679741,229066.67,tv,830,PROVIDUS BANK,3/9/2024 0:00
123457619,234568721,345679742,25000,lxp,831,GTB,3/10/2024 0:00
123457620,234568722,345679743,10000,ll,832,GTB,3/11/2024 0:00
123457621,234568723,345679744,2000,lnjvvls,833,KEYSTONE,3/12/2024 0:00
123457622,234568724,345679745,100000,bpdpbapi,834,GTB,3/13/2024 0:00
123457623,234568725,345679746,3000,jedi,835,ZENITH,3/14/2024 0:00
123457624,234568726,345679747,1000,yvnbt,836,POLARIS,3/15/2024 0:00
123457625,234568727,345679748,155000,hyix,837,ZENITH,3/16/2024 0:00
123457626,234568728,345679749,220000,tt,838,GTB,3/17/2024 0:00
123457627,234568729,345679750,50000,dbvys,839,ZENITH,3/18/2024 0:00
123457628,234568730,345679751,250000,yiqfimu,840,Stanbic,3/19/2024 0:00
123457629,234568731,345679752,30000,u,841,ACCESS,3/20/2024 0:00
123457630,234568732,345679753,50000,x,842,GTB,3/21/2024 0:00
123457631,234568733,345679754,5000,sxdnl,843,FBN,3/22/2024 0:00
123457632,234568734,345679755,20000,lmwj,844,Access Bank Plc (Diamond),3/23/2024 0:00
123457633,234568735,345679756,4500,m,845,FBN,3/24/2024 0:00
123457634,234568736,345679757,20000,lqnm,846,UBA,3/25/2024 0:00
123457635,234568737,345679758,10000,gwpinn,847,FCMB,3/26/2024 0:00
123457636,234568738,345679759,30000,zwplod,848,Stanbic,3/27/2024 0:00
123457637,234568739,345679760,20000,gl,849,FBN,3/28/2024 0:00
123457638,234568740,345679761,5000,ftpzvojk,850,Stanbic,3/29/2024 0:00
123457639,234568741,345679762,7000,uzufi,851,UBA,3/30/2024 0:00
123457640,234568742,345679763,25000,gb,852,Stanbic,3/31/2024 0:00
123457641,234568743,345679764,60000,ekmahej,853,GTB,4/1/2024 0:00
123457642,234568744,345679765,25000,xmulzknb,854,GTB,4/2/2024 0:00
123457643,234568745,345679766,50000,ivkl,855,GTB,4/3/2024 0:00
123457644,234568746,345679767,500,z,856,Stanbic,4/4/2024 0:00
123457645,234568747,345679768,100000,nsgiaon,857,Stanbic,4/5/2024 0:00
123457646,234568748,345679769,30000,jjv,858,FBN,4/6/2024 0:00
123457647,234568749,345679770,30000,sspriym,859,UBA,4/7/2024 0:00
123457648,234568750,345679771,8900,lsnlzur,860,Stanbic,4/8/2024 0:00
123457649,234568751,345679772,13900,ezguomf,861,Stanbic,4/9/2024 0:00
123457650,234568752,345679773,16900,phjjmact,862,FBN,4/10/2024 0:00
123457651,234568753,345679774,16900,rzenx,863,Stanbic,4/11/2024 0:00
123457652,234568754,345679775,16900,yxhs,864,Stanbic,4/12/2024 0:00
123457653,234568755,345679776,400,hslpr,865,GTB,4/13/2024 0:00
123457654,234568756,345679777,2565,q,866,Stanbic,4/14/2024 0:00
123457655,234568757,345679778,50000,rwfgjii,867,UBA,4/15/2024 0:00
123457656,234568758,345679779,25000,lb,868,ACCESS,4/16/2024 0:00
123457657,234568759,345679780,50000,nocxc,869,ZENITH,4/17/2024 0:00
123457658,234568760,345679781,50000,wzjukwxz,870,Stanbic,4/18/2024 0:00
123457659,234568761,345679782,400000,xvtdw,871,GTB,4/19/2024 0:00
123457660,234568762,345679783,12000,b,872,Stanbic,4/20/2024 0:00
123457661,234568763,345679784,200000,ouon,873,ZENITH,4/21/2024 0:00
123457662,234568764,345679785,10000,v,874,GTB,4/22/2024 0:00
123457663,234568765,345679786,50000,fjcu,875,UBA,4/23/2024 0:00
123457664,234568766,345679787,12000,cqvgtnw,876,Stanbic,4/24/2024 0:00
123457665,234568767,345679788,90000,we,877,GTB,4/25/2024 0:00
123457666,234568768,345679789,600,fuot,878,ACCESS,4/26/2024 0:00
123457667,234568769,345679790,8400,teof,879,FBN,4/27/2024 0:00
123457668,234568770,345679791,6000,pm,880,FBN,4/28/2024 0:00
123457669,234568771,345679792,20000,chyyc,881,FBN,4/29/2024 0:00
123457670,234568772,345679793,800000,ubvfkjk,882,GTB,4/30/2024 0:00
123457671,234568773,345679794,20000,db,883,Stanbic,5/1/2024 0:00
123457672,234568774,345679795,13305,xfv,884,Stanbic,5/2/2024 0:00
123457673,234568775,345679796,5000,cdzdh,885,ACCESS,5/3/2024 0:00
123457674,234568776,345679797,12000,mzvbmlg,886,FBN,5/4/2024 0:00
123457675,234568777,345679798,10000,qstwipb,887,Stanbic,5/5/2024 0:00
123457676,234568778,345679799,10000,fk,888,UBA,5/6/2024 0:00
123457677,234568779,345679800,13500,sy,889,ZENITH,5/7/2024 0:00
123457678,234568780,345679801,15000,j,890,Stanbic,5/8/2024 0:00
123457679,234568781,345679802,5000,cpje,891,STERLING,5/9/2024 0:00
123457680,234568782,345679803,3000,qviflov,892,FBN,5/10/2024 0:00
123457681,234568783,345679804,2000,jhika,893,GTB,5/11/2024 0:00
123457682,234568784,345679805,3000,pfrdtnas,894,UBA,5/12/2024 0:00
123457683,234568785,345679806,20000,vjrr,895,Stanbic,5/13/2024 0:00
123457684,234568786,345679807,60000,s,896,UBN,5/14/2024 0:00
123457685,234568787,345679808,25000,vgif,897,Stanbic,5/15/2024 0:00
123457686,234568788,345679809,6000,sqwwi,898,ACCESS,5/16/2024 0:00
123457687,234568789,345679810,18000,y,899,FIDELITY,5/17/2024 0:00
123457688,234568790,345679811,6000,q,900,GTB,5/18/2024 0:00
123457689,234568791,345679812,20000,huh,901,FBN,5/19/2024 0:00
123457690,234568792,345679813,5000,ufqqyy,902,FBN,5/20/2024 0:00
123457691,234568793,345679814,10000,ukqklalb,903,SCB,5/21/2024 0:00
123457692,234568794,345679815,14000,duaol,904,ZENITH,5/22/2024 0:00
123457693,234568795,345679816,2565,qcd,905,Stanbic,5/23/2024 0:00
123457694,234568796,345679817,30000,qbia,906,GTB,5/24/2024 0:00
123457695,234568797,345679818,2000,qyenlluw,907,KEYSTONE,5/25/2024 0:00
123457696,234568798,345679819,25000,n,908,GTB,5/26/2024 0:00
123457697,234568799,345679820,50000,kcqxxx,909,UBA,5/27/2024 0:00
123457698,234568800,345679821,2000,iwxnvo,910,UBA,5/28/2024 0:00
123457699,234568801,345679822,2565,wqszsae,911,Stanbic,5/29/2024 0:00
123457700,234568802,345679823,300000,xxd,912,GTB,5/30/2024 0:00
123457701,234568803,345679824,50000,drlmi,913,Stanbic,5/31/2024 0:00
123457702,234568804,345679825,20000,ibcc,914,Stanbic,6/1/2024 0:00
123457703,234568805,345679826,62000,wch,915,Stanbic,6/2/2024 0:00
123457704,234568806,345679827,20000,qgvhp,916,Stanbic,6/3/2024 0:00
123457705,234568807,345679828,50000,sp,917,GTB,6/4/2024 0:00
123457706,234568808,345679829,5000,cbf,918,GTB,6/5/2024 0:00
123457707,234568809,345679830,10000,c,919,WEMA,6/6/2024 0:00
123457708,234568810,345679831,10000,udtve,920,Stanbic,6/7/2024 0:00
123457709,234568811,345679832,20900,seye,921,Stanbic,6/8/2024 0:00
123457710,234568812,345679833,29246.14,xyuiabkh,922,Stanbic,6/9/2024 0:00
123457711,234568813,345679834,10560,zv,923,ECOBANK,6/10/2024 0:00
123457712,234568814,345679835,20000,dbr,924,ZENITH,6/11/2024 0:00
123457713,234568815,345679836,550000,st,925,UBA,6/12/2024 0:00
123457714,234568816,345679837,10000,fx,926,ZENITH,6/13/2024 0:00
123457715,234568817,345679838,20000,owizxd,927,FBN,6/14/2024 0:00
123457716,234568818,345679839,20000,mtiwne,928,Stanbic,6/15/2024 0:00
123457717,234568819,345679840,5000,bf,929,FBN,6/16/2024 0:00
123457718,234568820,345679841,15000,aemup,930,UBA,6/17/2024 0:00
123457719,234568821,345679842,8000,zrdtkul,931,UBA,6/18/2024 0:00
123457720,234568822,345679843,20000,syjjp,932,ZENITH,6/19/2024 0:00
123457721,234568823,345679844,20000,omnnvsx,933,Stanbic,6/20/2024 0:00
123457722,234568824,345679845,50000,ojisq,934,Stanbic,6/21/2024 0:00
123457723,234568825,345679846,1500,ipodlk,935,GTB,6/22/2024 0:00
123457724,234568826,345679847,5000,wyxz,936,KEYSTONE,6/23/2024 0:00
123457725,234568827,345679848,3000,myk,937,UBA,6/24/2024 0:00
123457726,234568828,345679849,50000,qmpyag,938,Stanbic,6/25/2024 0:00
123457727,234568829,345679850,12000,sqpkomt,939,FBN,6/26/2024 0:00
123457728,234568830,345679851,30000,slhgzyg,940,GTB,6/27/2024 0:00
123457729,234568831,345679852,10000,dbgtvbd,941,FBN,6/28/2024 0:00
123457730,234568832,345679853,100000,bau,942,FBN,6/29/2024 0:00
123457731,234568833,345679854,20000,i,943,POLARIS,6/30/2024 0:00
123457732,234568834,345679855,12500,p,944,ZENITH,7/1/2024 0:00
123457733,234568835,345679856,20000,iema,945,FBN,7/2/2024 0:00
123457734,234568836,345679857,200000,huhb,946,Stanbic,7/3/2024 0:00
123457735,234568837,345679858,6000,wvthpfbe,947,ACCESS,7/4/2024 0:00
123457736,234568838,345679859,5000,ifbrdwx,948,GTB,7/5/2024 0:00
123457737,234568839,345679860,10000,ayofpx,949,ECOBANK,7/6/2024 0:00
123457738,234568840,345679861,30000,x,950,GTB,7/7/2024 0:00
123457739,234568841,345679862,100000,c,951,FBN,7/8/2024 0:00
123457740,234568842,345679863,30000,dcudax,952,FBN,7/9/2024 0:00
123457741,234568843,345679864,15000,y,953,WEMA,7/10/2024 0:00
123457742,234568844,345679865,1000,zboz,954,Access Bank Plc (Diamond),7/11/2024 0:00
123457743,234568845,345679866,3707.5,fk,955,Stanbic,7/12/2024 0:00
123457744,234568846,345679867,5000,nubn,956,FBN,7/13/2024 0:00
123457745,234568847,345679868,25000,kakzai,957,Stanbic,7/14/2024 0:00
123457746,234568848,345679869,10000,l,958,GTB,7/15/2024 0:00
123457747,234568849,345679870,40000,xyrwlvqp,959,WEMA,7/16/2024 0:00
123457748,234568850,345679871,72000,s,960,GTB,7/17/2024 0:00
123457749,234568851,345679872,2000,dxmcrnj,961,FBN,7/18/2024 0:00
123457750,234568852,345679873,20000,fzeygm,962,UBA,7/19/2024 0:00
123457751,234568853,345679874,1000,relgxfod,963,ACCESS,7/20/2024 0:00
123457752,234568854,345679875,10000,ggmy,964,POLARIS,7/21/2024 0:00
123457753,234568855,345679876,10000,d,965,GTB,7/22/2024 0:00
123457754,234568856,345679877,100000,agiv,966,GTB,7/23/2024 0:00
123457755,234568857,345679878,25000,odtubbu,967,Stanbic,7/24/2024 0:00
123457756,234568858,345679879,10000,aoqxvy,968,UBA,7/25/2024 0:00
123457757,234568859,345679880,20000,dotqmph,969,ZENITH,7/26/2024 0:00
123457758,234568860,345679881,20000,wh,970,GTB,7/27/2024 0:00
123457759,234568861,345679882,20000,ckbcljq,971,FBN,7/28/2024 0:00
123457760,234568862,345679883,10000,mzyfy,972,Stanbic,7/29/2024 0:00
123457761,234568863,345679884,7900,i,973,STERLING,7/30/2024 0:00
123457762,234568864,345679885,1700,kdfijqo,974,UBA,7/31/2024 0:00
123457763,234568865,345679886,5000,gmmos,975,ZENITH,8/1/2024 0:00
123457764,234568866,345679887,52800,f,976,GTB,8/2/2024 0:00
123457765,234568867,345679888,50000,clxgru,977,Stanbic,8/3/2024 0:00
123457766,234568868,345679889,20000,rmje,978,UBN,8/4/2024 0:00
123457767,234568869,345679890,15000,xyl,979,UBA,8/5/2024 0:00
123457768,234568870,345679891,3500,fubtomz,980,UBA,8/6/2024 0:00
123457769,234568871,345679892,5000,rcpjdby,981,GTB,8/7/2024 0:00
123457770,234568872,345679893,7000,rmlq,982,ZENITH,8/8/2024 0:00
123457771,234568873,345679894,6000,sony,983,SCB,8/9/2024 0:00
123457772,234568874,345679895,100000,huvnsub,984,GTB,8/10/2024 0:00
123457773,234568875,345679896,200000,svvmd,985,FBN,8/11/2024 0:00
123457774,234568876,345679897,5000,ipexgis,986,STERLING,8/12/2024 0:00
123457775,234568877,345679898,15000,idjijy,987,FBN,8/13/2024 0:00
123457776,234568878,345679899,15000,sgoacm,988,FCMB,8/14/2024 0:00
123457777,234568879,345679900,5000,bom,989,Stanbic,8/15/2024 0:00
123457778,234568880,345679901,5000,l,990,FBN,8/16/2024 0:00
123457779,234568881,345679902,20000,ijlm,991,JAIZ,8/17/2024 0:00
123457780,234568882,345679903,5000,zmckug,992,UBA,8/18/2024 0:00
123457781,234568883,345679904,50000,fv,993,Stanbic,8/19/2024 0:00
123457782,234568884,345679905,5000,xg,994,FBN,8/20/2024 0:00
123457783,234568885,345679906,13000,zypdyoj,995,ACCESS,8/21/2024 0:00
123457784,234568886,345679907,6000,g,996,FBN,8/22/2024 0:00
123457785,234568887,345679908,30000,irap,997,Stanbic,8/23/2024 0:00
123457786,234568888,345679909,5000,kmjwzpp,998,FBN,8/24/2024 0:00
123457787,234568889,345679910,5000,zky,999,FBN,8/25/2024 0:00
123457788,234568890,345679911,100000,qjud,1000,ECOBANK,8/26/2024 0:00
